832442	what is the mega millions payout
654775	what does vfr stand for in flying
303211	how much can i deduct for mileage to doctor office
557166	what are corbels used for
665451	what happens after a deep tissue massage
1140489	where is vmware offices
82561	carbon is mostly used in
499741	soccer tifo definition
999553	where is vienna?
370564	how to measure momentum
340480	how tall does a weeping cherry tree get
1046103	who painted blue ophelia
687363	what is a hydrogen buffer
1081335	yellow fever, how transmitted
325894	how much ounces is a ton
194694	gestation period for wild rabbits
1153476	what is oracle http server
59390	calories burned to lose a pound
683161	what is a fiduciary tax return
733889	what is considered indie bands
221067	how do you become a detective
828973	what is the loop called inside of another loop
665660	what happens during teeth cleaning?
891899	what role does hydrophilic phosphate heads play in the cell membrane
65029	can blu ray discs play in regular dvd players
896067	what skills of mindfulness
289227	how many milligrams goes into a gram
519018	the symptoms occurring with lactose intolerance  include
437956	latex allergy definition
837072	what is the number for hotline
342192	how thick is the epidermis
126982	define severity
937430	when did batman first appear in comics?
521784	tire size meaning load index
261809	how long has vanna white been on wheel
832768	what is the minimum age you have to be to be a tn license life insurance agent?
167455	does illinois have a law stating how long a physician must keep medical records
501027	speak worldwide
623920	what do medical assistant do
864647	what is your voice
909824	what two principles form the basis for capitalism?
703447	what is a throbbing pain
416282	is level funded fully insured or self funded
22605	are garlic pills enteric coated
552415	what airlines pays the best attendant salaries
944424	when do pears ripen
889095	what program is good for scanning documents
862210	what is water on the elbow called
619536	what did peasants eat
530990	typical price for catering a wedding
90386	change numbers on x axis excel
261518	how long for water to cool temperature
620500	what did thomas invent
309961	how much does a jersey calf cost
1057075	who was vice president when lincoln died
106873	cost of sales example
908636	what town in canada is on fire
381670	how to store honey long term
573125	what are the responsibilities of a clinical nurse specialist
641046	what does it mean when facial numbness occurs
384149	how to turn password off on windows 8
854987	what is the zip code for elmsford, ny
541680	water cures blood pressure
148274	difference between pitch and tone
1142530	when should i brush my teeth
981521	where is dominican republic
221743	how do you define presidential character
717052	what is an overhaul engine
290673	how many oscar nominations for color purple
1184513	different types of cookies
882078	what notices do i need to give new employees
634757	what does coliwasa stand for
1016057	which of the traits is determined by just one gene?
954001	when month do dogs go into heat
524669	tribune definition
768870	what is mass media advertising
858853	what is uma investment account
672053	what is 'home advisor'
235451	how hot does it get in a car in summer
266623	how long should color process
804209	what is the advisory board medicine
101029	cost for drywalling per square foot
879823	what muscles are strained by
767709	what is made out of cedar sawdust
1159010	what industry is sam's club in
529409	types of projects
72851	can puppies feed on mastitis nipple
989873	where is oswego
577045	what are windows embedded products
770120	what is meant by translational kinetic energy?
72181	can panacur cause diarrhea
507714	symptoms of glaucoma in cats
183987	explain what it means to focus light
651899	what does the name raiden mean
1050098	who sang rolling in the deep on the voice
814288	what is the deadliest job in the usa
928268	what year was the book worst case by james patterson published?
779894	what is oppo
873205	what length is cathedral veil
698321	what is a rivet grip range
